{"title": "iphone", "date": "20/02/2021 16:30:24", "best_item": {"asin": "B0798H46CM", "url": "http://www.amazon.de/dp/B0798H46CM", "title": "Apple iPhone 8 (refurbished), 64GB", "seller": "Brand: Amazon Renewed", "price": 217.0}, "currency": "\u20ac", "filters": {"min": "500", "max": "1000"}, "base_link": "http://www.amazon.de/", "products": [{"asin": "B08L5W6XL6", "url": "http://www.amazon.de/dp/B08L5W6XL6", "title": "New Apple iPhone 12", "seller": "Brand: Apple", "price": 888.0}, {"asin": "B08L5TQBHV", "url": "http://www.amazon.de/dp/B08L5TQBHV", "title": "New Apple iPhone 12 mini", "seller": "Visit the Apple Store", "price": 781.97}, {"asin": "B08L6YY9BP", "url": "http://www.amazon.de/dp/B08L6YY9BP", "title": "Apple iPhone SE 64 GB", "seller": "Brand: Apple", "price": 499.0}, {"asin": "B0798H46CM", "url": "http://www.amazon.de/dp/B0798H46CM", "title": "Apple iPhone 8 (refurbished), 64GB", "seller": "Brand: Amazon Renewed", "price": 217.0}, {"asin": "B07985C44N", "url": "http://www.amazon.de/dp/B07985C44N", "title": "Apple iPhone X 64 GB Space Grey (Refurbished)", "seller": "Visit the Amazon Renewed Store", "price": 356.0}, {"asin": "B08L6ZS2C2", "url": "http://www.amazon.de/dp/B08L6ZS2C2", "title": "Apple iPhone XR (64 GB)", "seller": "Brand: Apple", "price": 518.99}, {"asin": "B07N9HWY1Y", "url": "http://www.amazon.de/dp/B07N9HWY1Y", "title": "Apple iPhone XS (Refurbished), 256GB", "seller": "Visit the Amazon Renewed Store", "price": 447.72}, {"asin": "B082DK7PK2", "url": "http://www.amazon.de/dp/B082DK7PK2", "title": "Apple iPhone 11 Pro 64GB Space Grau (General\u00fcberholt)", "seller": "Brand: Amazon Renewed", "price": 719.0}, {"asin": "B07N9HM3Z4", "url": "http://www.amazon.de/dp/B07N9HM3Z4", "title": "Apple iPhone XS (Refurbished), 64GB", "seller": "Brand: Amazon Renewed", "price": 438.57}, {"asin": "B082DNYP7K", "url": "http://www.amazon.de/dp/B082DNYP7K", "title": "Apple iPhone 11 64GB - Violett - Entriegelte (General\u00fcberholt)", "seller": "Brand: Amazon Renewed", "price": 628.95}, {"asin": "B07HBDB755", "url": "http://www.amazon.de/dp/B07HBDB755", "title": "Apple iPhone XS (256GB) - Gold", "seller": "Visit the Apple Store", "price": 1159.47}, {"asin": "B07N9HM3ZR", "url": "http://www.amazon.de/dp/B07N9HM3ZR", "title": "Apple iPhone XR 64GB - Black - Unlocked (Refurbished)", "seller": "Brand: Amazon Renewed", "price": 394.99}, {"asin": "B08GPVLTH1", "url": "http://www.amazon.de/dp/B08GPVLTH1", "title": "Samsung Galaxy S20 FE, Android smartphone without contract, 6.5 inch super AMOLED display, 4500 mAh battery.", "seller": "Visit the Samsung Store", "price": 519.99}, {"asin": "B0821HJMX5", "url": "http://www.amazon.de/dp/B0821HJMX5", "title": "Apple iPhone 11 Pro Max 256GB Nachtgr\u00fcn (General\u00fcberholt)", "seller": "Visit the Amazon Renewed Store", "price": 935.48}]}