{"title": "ps4", "date": "20/02/2021 16:28:44", "best_item": {"asin": "B07TTB3SR2", "url": "http://www.amazon.de/dp/B07TTB3SR2", "title": "ASTRO Gaming A50 Wireless Headset and Base Station", "seller": "Brand: ASTRO Gaming", "price": 249.0}, "currency": "\u20ac", "filters": {"min": "275", "max": "650"}, "base_link": "http://www.amazon.de/", "products": [{"asin": "B07HHPX4N1", "url": "http://www.amazon.de/dp/B07HHPX4N1", "title": "PlayStation 4 - Konsole (500 GB, schwarz, slim, F-Chassis) + zweiter DualShock 4 Controller", "seller": "Brand: Sony Interactive Entertainment", "price": 329.31}, {"asin": "B085PB4B6J", "url": "http://www.amazon.de/dp/B085PB4B6J", "title": "PlayStation 4 Pro - Konsole (1 TB, schwarz) PS Hits Naughty Dog Bundle", "seller": "Brand: Sony Interactive Entertainment", "price": 440.3}, {"asin": "B07TTB3SR2", "url": "http://www.amazon.de/dp/B07TTB3SR2", "title": "ASTRO Gaming A50 Wireless Headset and Base Station", "seller": "Brand: ASTRO Gaming", "price": 249.0}, {"asin": "B08J5238TR", "url": "http://www.amazon.de/dp/B08J5238TR", "title": "PlayStation 4 Slim Konsole - 500 GB Jet Black mit EA Sports FIFA 21 PS 4 (inkl. kostenlosem Upgrade auf PS 5)", "seller": "Brand: Sony Interactive Entertainment", "price": 379.0}, {"asin": "B07KMV94JF", "url": "http://www.amazon.de/dp/B07KMV94JF", "title": "PlayStation 4 Slim - Konsole (1TB, schwarz)", "seller": "Brand: Sony Interactive Entertainment", "price": 265.0}, {"asin": "B01LQF9UKS", "url": "http://www.amazon.de/dp/B01LQF9UKS", "title": "PlayStation 4 Pro - Konsole (1TB)", "seller": "Brand: Sony Interactive Entertainment", "price": 459.0}, {"asin": "B08MSV1CGZ", "url": "http://www.amazon.de/dp/B08MSV1CGZ", "title": "Sony Interactive Entertainment PS VR Starter Pack inkl. PS VR-Headset / PS Camera / PS Camera-Adapter / VR Worlds Gutscheincode", "seller": "Brand: Sony Interactive Entertainment", "price": 299.0}]}